model_ID,seg_model_file_name,quote_id_col,ref_prc_col,cost_col,quote_prc_col,prc_col,x_col,first,last,psych_factor,quote_attribute_cols,y_intercept
CHW_SPGI,CHW_EMEA_SPGI_SegTree_01May17_30Apr18,QuoteID,ComListPrice,ComTMC,ComQuotePrice,ComQuotePricePofL,ComCostPofL,ComRevCat,ComMT,1.04,"['ComMedPofL','ComLogListPrice', 'LogDealSize','ComPctContrib', 'UpgMES','ClientSeg=E','Indirect(1/0)','EndOfQtr','ComDelgPriceL4PofL']",False
CHW_MT,CHW_EMEA_SPGI_SegTree_01May17_30Apr18,QuoteID,ComListPrice,ComTMC,ComQuotePrice,ComQuotePricePofL,ComCostPofL,ComRevCat,ComMT,1.04,"['ComMedPofL','ComLogListPrice', 'LogDealSize','ComPctContrib', 'UpgMES','ClientSeg=E','Indirect(1/0)','EndOfQtr','ComDelgPriceL4PofL']",False
CHW_CY,CHW_EMEA_SPGI_SegTree_01May17_30Apr18,QuoteID,ComListPrice,ComTMC,ComQuotePrice,ComQuotePricePofL,ComCostPofL,ComRevCat,ComMT,1.04,"['ComMedPofL','ComLogListPrice', 'LogDealSize','ComPctContrib', 'UpgMES','ClientSeg=E','Indirect(1/0)','EndOfQtr','ComDelgPriceL4PofL']",False
CHW_ES,CHW_EMEA_SPGI_SegTree_01May17_30Apr18,QuoteID,ComListPrice,ComTMC,ComQuotePrice,ComQuotePricePofL,ComCostPofL,ComRevCat,ComMT,1.04,"['ComMedPofL','ComLogListPrice', 'LogDealSize','ComPctContrib', 'UpgMES','ClientSeg=E','Indirect(1/0)','EndOfQtr','ComDelgPriceL4PofL']",False
CHW_GR,CHW_EMEA_SPGI_SegTree_01May17_30Apr18,QuoteID,ComListPrice,ComTMC,ComQuotePrice,ComQuotePricePofL,ComCostPofL,ComRevCat,ComMT,1.04,"['ComMedPofL','ComLogListPrice', 'LogDealSize','ComPctContrib', 'UpgMES','ClientSeg=E','Indirect(1/0)','EndOfQtr','ComDelgPriceL4PofL']",False
CHW_IL,CHW_EMEA_SPGI_SegTree_01May17_30Apr18,QuoteID,ComListPrice,ComTMC,ComQuotePrice,ComQuotePricePofL,ComCostPofL,ComRevCat,ComMT,1.04,"['ComMedPofL','ComLogListPrice', 'LogDealSize','ComPctContrib', 'UpgMES','ClientSeg=E','Indirect(1/0)','EndOfQtr','ComDelgPriceL4PofL']",False
CHW_PT,CHW_EMEA_SPGI_SegTree_01May17_30Apr18,QuoteID,ComListPrice,ComTMC,ComQuotePrice,ComQuotePricePofL,ComCostPofL,ComRevCat,ComMT,1.04,"['ComMedPofL','ComLogListPrice', 'LogDealSize','ComPctContrib', 'UpgMES','ClientSeg=E','Indirect(1/0)','EndOfQtr','ComDelgPriceL4PofL']",False
CHW_CEE,CHW_EMEA_CEE_SegTree_01May17_30Apr18,QuoteID,ComListPrice,ComTMC,ComQuotePrice,ComQuotePricePofL,ComCostPofL,ComRevCat,ComMT,1.04,"['ComMedPofL','ComLogListPrice', 'LogDealSize','ComPctContrib', 'UpgMES','ClientSeg=E','Indirect(1/0)','EndOfQtr','ComDelgPriceL4PofL']",False
CHW_AL,CHW_EMEA_CEE_SegTree_01May17_30Apr18,QuoteID,ComListPrice,ComTMC,ComQuotePrice,ComQuotePricePofL,ComCostPofL,ComRevCat,ComMT,1.04,"['ComMedPofL','ComLogListPrice', 'LogDealSize','ComPctContrib', 'UpgMES','ClientSeg=E','Indirect(1/0)','EndOfQtr','ComDelgPriceL4PofL']",False
CHW_AM,CHW_EMEA_CEE_SegTree_01May17_30Apr18,QuoteID,ComListPrice,ComTMC,ComQuotePrice,ComQuotePricePofL,ComCostPofL,ComRevCat,ComMT,1.04,"['ComMedPofL','ComLogListPrice', 'LogDealSize','ComPctContrib', 'UpgMES','ClientSeg=E','Indirect(1/0)','EndOfQtr','ComDelgPriceL4PofL']",False
CHW_AZ,CHW_EMEA_CEE_SegTree_01May17_30Apr18,QuoteID,ComListPrice,ComTMC,ComQuotePrice,ComQuotePricePofL,ComCostPofL,ComRevCat,ComMT,1.04,"['ComMedPofL','ComLogListPrice', 'LogDealSize','ComPctContrib', 'UpgMES','ClientSeg=E','Indirect(1/0)','EndOfQtr','ComDelgPriceL4PofL']",False
CHW_BA,CHW_EMEA_CEE_SegTree_01May17_30Apr18,QuoteID,ComListPrice,ComTMC,ComQuotePrice,ComQuotePricePofL,ComCostPofL,ComRevCat,ComMT,1.04,"['ComMedPofL','ComLogListPrice', 'LogDealSize','ComPctContrib', 'UpgMES','ClientSeg=E','Indirect(1/0)','EndOfQtr','ComDelgPriceL4PofL']",False
CHW_BG,CHW_EMEA_CEE_SegTree_01May17_30Apr18,QuoteID,ComListPrice,ComTMC,ComQuotePrice,ComQuotePricePofL,ComCostPofL,ComRevCat,ComMT,1.04,"['ComMedPofL','ComLogListPrice', 'LogDealSize','ComPctContrib', 'UpgMES','ClientSeg=E','Indirect(1/0)','EndOfQtr','ComDelgPriceL4PofL']",False
CHW_BY,CHW_EMEA_CEE_SegTree_01May17_30Apr18,QuoteID,ComListPrice,ComTMC,ComQuotePrice,ComQuotePricePofL,ComCostPofL,ComRevCat,ComMT,1.04,"['ComMedPofL','ComLogListPrice', 'LogDealSize','ComPctContrib', 'UpgMES','ClientSeg=E','Indirect(1/0)','EndOfQtr','ComDelgPriceL4PofL']",False
CHW_CS,CHW_EMEA_CEE_SegTree_01May17_30Apr18,QuoteID,ComListPrice,ComTMC,ComQuotePrice,ComQuotePricePofL,ComCostPofL,ComRevCat,ComMT,1.04,"['ComMedPofL','ComLogListPrice', 'LogDealSize','ComPctContrib', 'UpgMES','ClientSeg=E','Indirect(1/0)','EndOfQtr','ComDelgPriceL4PofL']",False
CHW_CZ,CHW_EMEA_CEE_SegTree_01May17_30Apr18,QuoteID,ComListPrice,ComTMC,ComQuotePrice,ComQuotePricePofL,ComCostPofL,ComRevCat,ComMT,1.04,"['ComMedPofL','ComLogListPrice', 'LogDealSize','ComPctContrib', 'UpgMES','ClientSeg=E','Indirect(1/0)','EndOfQtr','ComDelgPriceL4PofL']",False
CHW_EE,CHW_EMEA_CEE_SegTree_01May17_30Apr18,QuoteID,ComListPrice,ComTMC,ComQuotePrice,ComQuotePricePofL,ComCostPofL,ComRevCat,ComMT,1.04,"['ComMedPofL','ComLogListPrice', 'LogDealSize','ComPctContrib', 'UpgMES','ClientSeg=E','Indirect(1/0)','EndOfQtr','ComDelgPriceL4PofL']",False
CHW_GE,CHW_EMEA_CEE_SegTree_01May17_30Apr18,QuoteID,ComListPrice,ComTMC,ComQuotePrice,ComQuotePricePofL,ComCostPofL,ComRevCat,ComMT,1.04,"['ComMedPofL','ComLogListPrice', 'LogDealSize','ComPctContrib', 'UpgMES','ClientSeg=E','Indirect(1/0)','EndOfQtr','ComDelgPriceL4PofL']",False
CHW_HR,CHW_EMEA_CEE_SegTree_01May17_30Apr18,QuoteID,ComListPrice,ComTMC,ComQuotePrice,ComQuotePricePofL,ComCostPofL,ComRevCat,ComMT,1.04,"['ComMedPofL','ComLogListPrice', 'LogDealSize','ComPctContrib', 'UpgMES','ClientSeg=E','Indirect(1/0)','EndOfQtr','ComDelgPriceL4PofL']",False
CHW_HU,CHW_EMEA_CEE_SegTree_01May17_30Apr18,QuoteID,ComListPrice,ComTMC,ComQuotePrice,ComQuotePricePofL,ComCostPofL,ComRevCat,ComMT,1.04,"['ComMedPofL','ComLogListPrice', 'LogDealSize','ComPctContrib', 'UpgMES','ClientSeg=E','Indirect(1/0)','EndOfQtr','ComDelgPriceL4PofL']",False
CHW_KG,CHW_EMEA_CEE_SegTree_01May17_30Apr18,QuoteID,ComListPrice,ComTMC,ComQuotePrice,ComQuotePricePofL,ComCostPofL,ComRevCat,ComMT,1.04,"['ComMedPofL','ComLogListPrice', 'LogDealSize','ComPctContrib', 'UpgMES','ClientSeg=E','Indirect(1/0)','EndOfQtr','ComDelgPriceL4PofL']",False
CHW_KZ,CHW_EMEA_CEE_SegTree_01May17_30Apr18,QuoteID,ComListPrice,ComTMC,ComQuotePrice,ComQuotePricePofL,ComCostPofL,ComRevCat,ComMT,1.04,"['ComMedPofL','ComLogListPrice', 'LogDealSize','ComPctContrib', 'UpgMES','ClientSeg=E','Indirect(1/0)','EndOfQtr','ComDelgPriceL4PofL']",False
CHW_LT,CHW_EMEA_CEE_SegTree_01May17_30Apr18,QuoteID,ComListPrice,ComTMC,ComQuotePrice,ComQuotePricePofL,ComCostPofL,ComRevCat,ComMT,1.04,"['ComMedPofL','ComLogListPrice', 'LogDealSize','ComPctContrib', 'UpgMES','ClientSeg=E','Indirect(1/0)','EndOfQtr','ComDelgPriceL4PofL']",False
CHW_LV,CHW_EMEA_CEE_SegTree_01May17_30Apr18,QuoteID,ComListPrice,ComTMC,ComQuotePrice,ComQuotePricePofL,ComCostPofL,ComRevCat,ComMT,1.04,"['ComMedPofL','ComLogListPrice', 'LogDealSize','ComPctContrib', 'UpgMES','ClientSeg=E','Indirect(1/0)','EndOfQtr','ComDelgPriceL4PofL']",False
CHW_MD,CHW_EMEA_CEE_SegTree_01May17_30Apr18,QuoteID,ComListPrice,ComTMC,ComQuotePrice,ComQuotePricePofL,ComCostPofL,ComRevCat,ComMT,1.04,"['ComMedPofL','ComLogListPrice', 'LogDealSize','ComPctContrib', 'UpgMES','ClientSeg=E','Indirect(1/0)','EndOfQtr','ComDelgPriceL4PofL']",False
CHW_ME,CHW_EMEA_CEE_SegTree_01May17_30Apr18,QuoteID,ComListPrice,ComTMC,ComQuotePrice,ComQuotePricePofL,ComCostPofL,ComRevCat,ComMT,1.04,"['ComMedPofL','ComLogListPrice', 'LogDealSize','ComPctContrib', 'UpgMES','ClientSeg=E','Indirect(1/0)','EndOfQtr','ComDelgPriceL4PofL']",False
CHW_MK,CHW_EMEA_CEE_SegTree_01May17_30Apr18,QuoteID,ComListPrice,ComTMC,ComQuotePrice,ComQuotePricePofL,ComCostPofL,ComRevCat,ComMT,1.04,"['ComMedPofL','ComLogListPrice', 'LogDealSize','ComPctContrib', 'UpgMES','ClientSeg=E','Indirect(1/0)','EndOfQtr','ComDelgPriceL4PofL']",False
CHW_PL,CHW_EMEA_CEE_SegTree_01May17_30Apr18,QuoteID,ComListPrice,ComTMC,ComQuotePrice,ComQuotePricePofL,ComCostPofL,ComRevCat,ComMT,1.04,"['ComMedPofL','ComLogListPrice', 'LogDealSize','ComPctContrib', 'UpgMES','ClientSeg=E','Indirect(1/0)','EndOfQtr','ComDelgPriceL4PofL']",False
CHW_RO,CHW_EMEA_CEE_SegTree_01May17_30Apr18,QuoteID,ComListPrice,ComTMC,ComQuotePrice,ComQuotePricePofL,ComCostPofL,ComRevCat,ComMT,1.04,"['ComMedPofL','ComLogListPrice', 'LogDealSize','ComPctContrib', 'UpgMES','ClientSeg=E','Indirect(1/0)','EndOfQtr','ComDelgPriceL4PofL']",False
CHW_RS,CHW_EMEA_CEE_SegTree_01May17_30Apr18,QuoteID,ComListPrice,ComTMC,ComQuotePrice,ComQuotePricePofL,ComCostPofL,ComRevCat,ComMT,1.04,"['ComMedPofL','ComLogListPrice', 'LogDealSize','ComPctContrib', 'UpgMES','ClientSeg=E','Indirect(1/0)','EndOfQtr','ComDelgPriceL4PofL']",False
CHW_RU,CHW_EMEA_CEE_SegTree_01May17_30Apr18,QuoteID,ComListPrice,ComTMC,ComQuotePrice,ComQuotePricePofL,ComCostPofL,ComRevCat,ComMT,1.04,"['ComMedPofL','ComLogListPrice', 'LogDealSize','ComPctContrib', 'UpgMES','ClientSeg=E','Indirect(1/0)','EndOfQtr','ComDelgPriceL4PofL']",False
CHW_SI,CHW_EMEA_CEE_SegTree_01May17_30Apr18,QuoteID,ComListPrice,ComTMC,ComQuotePrice,ComQuotePricePofL,ComCostPofL,ComRevCat,ComMT,1.04,"['ComMedPofL','ComLogListPrice', 'LogDealSize','ComPctContrib', 'UpgMES','ClientSeg=E','Indirect(1/0)','EndOfQtr','ComDelgPriceL4PofL']",False
CHW_SK,CHW_EMEA_CEE_SegTree_01May17_30Apr18,QuoteID,ComListPrice,ComTMC,ComQuotePrice,ComQuotePricePofL,ComCostPofL,ComRevCat,ComMT,1.04,"['ComMedPofL','ComLogListPrice', 'LogDealSize','ComPctContrib', 'UpgMES','ClientSeg=E','Indirect(1/0)','EndOfQtr','ComDelgPriceL4PofL']",False
CHW_TJ,CHW_EMEA_CEE_SegTree_01May17_30Apr18,QuoteID,ComListPrice,ComTMC,ComQuotePrice,ComQuotePricePofL,ComCostPofL,ComRevCat,ComMT,1.04,"['ComMedPofL','ComLogListPrice', 'LogDealSize','ComPctContrib', 'UpgMES','ClientSeg=E','Indirect(1/0)','EndOfQtr','ComDelgPriceL4PofL']",False
CHW_TM,CHW_EMEA_CEE_SegTree_01May17_30Apr18,QuoteID,ComListPrice,ComTMC,ComQuotePrice,ComQuotePricePofL,ComCostPofL,ComRevCat,ComMT,1.04,"['ComMedPofL','ComLogListPrice', 'LogDealSize','ComPctContrib', 'UpgMES','ClientSeg=E','Indirect(1/0)','EndOfQtr','ComDelgPriceL4PofL']",False
CHW_UA,CHW_EMEA_CEE_SegTree_01May17_30Apr18,QuoteID,ComListPrice,ComTMC,ComQuotePrice,ComQuotePricePofL,ComCostPofL,ComRevCat,ComMT,1.04,"['ComMedPofL','ComLogListPrice', 'LogDealSize','ComPctContrib', 'UpgMES','ClientSeg=E','Indirect(1/0)','EndOfQtr','ComDelgPriceL4PofL']",False
CHW_UZ,CHW_EMEA_CEE_SegTree_01May17_30Apr18,QuoteID,ComListPrice,ComTMC,ComQuotePrice,ComQuotePricePofL,ComCostPofL,ComRevCat,ComMT,1.04,"['ComMedPofL','ComLogListPrice', 'LogDealSize','ComPctContrib', 'UpgMES','ClientSeg=E','Indirect(1/0)','EndOfQtr','ComDelgPriceL4PofL']",False
CHW_XK,CHW_EMEA_CEE_SegTree_01May17_30Apr18,QuoteID,ComListPrice,ComTMC,ComQuotePrice,ComQuotePricePofL,ComCostPofL,ComRevCat,ComMT,1.04,"['ComMedPofL','ComLogListPrice', 'LogDealSize','ComPctContrib', 'UpgMES','ClientSeg=E','Indirect(1/0)','EndOfQtr','ComDelgPriceL4PofL']",False
CHW_DACH,CHW_EMEA_DACH_SegTree_01May17_30Apr18,QuoteID,ComListPrice,ComTMC,ComQuotePrice,ComQuotePricePofL,ComCostPofL,ComRevCat,ComMT,1.04,"['ComMedPofL','ComLogListPrice', 'LogDealSize','ComPctContrib', 'UpgMES','ClientSeg=E','Indirect(1/0)','EndOfQtr','ComDelgPriceL4PofL']",False
CHW_Z1,CHW_EMEA_DACH_SegTree_01May17_30Apr18,QuoteID,ComListPrice,ComTMC,ComQuotePrice,ComQuotePricePofL,ComCostPofL,ComRevCat,ComMT,1.04,"['ComMedPofL','ComLogListPrice', 'LogDealSize','ComPctContrib', 'UpgMES','ClientSeg=E','Indirect(1/0)','EndOfQtr','ComDelgPriceL4PofL']",False
CHW_AT,CHW_EMEA_DACH_SegTree_01May17_30Apr18,QuoteID,ComListPrice,ComTMC,ComQuotePrice,ComQuotePricePofL,ComCostPofL,ComRevCat,ComMT,1.04,"['ComMedPofL','ComLogListPrice', 'LogDealSize','ComPctContrib', 'UpgMES','ClientSeg=E','Indirect(1/0)','EndOfQtr','ComDelgPriceL4PofL']",False
CHW_CH,CHW_EMEA_DACH_SegTree_01May17_30Apr18,QuoteID,ComListPrice,ComTMC,ComQuotePrice,ComQuotePricePofL,ComCostPofL,ComRevCat,ComMT,1.04,"['ComMedPofL','ComLogListPrice', 'LogDealSize','ComPctContrib', 'UpgMES','ClientSeg=E','Indirect(1/0)','EndOfQtr','ComDelgPriceL4PofL']",False
CHW_DE,CHW_EMEA_DACH_SegTree_01May17_30Apr18,QuoteID,ComListPrice,ComTMC,ComQuotePrice,ComQuotePricePofL,ComCostPofL,ComRevCat,ComMT,1.04,"['ComMedPofL','ComLogListPrice', 'LogDealSize','ComPctContrib', 'UpgMES','ClientSeg=E','Indirect(1/0)','EndOfQtr','ComDelgPriceL4PofL']",False
CHW_LI,CHW_EMEA_DACH_SegTree_01May17_30Apr18,QuoteID,ComListPrice,ComTMC,ComQuotePrice,ComQuotePricePofL,ComCostPofL,ComRevCat,ComMT,1.04,"['ComMedPofL','ComLogListPrice', 'LogDealSize','ComPctContrib', 'UpgMES','ClientSeg=E','Indirect(1/0)','EndOfQtr','ComDelgPriceL4PofL']",False
CHW_ITALY,CHW_EMEA_ITALY_SegTree_01May17_30Apr18,QuoteID,ComListPrice,ComTMC,ComQuotePrice,ComQuotePricePofL,ComCostPofL,ComRevCat,ComMT,1.04,"['ComMedPofL','ComLogListPrice', 'LogDealSize','ComPctContrib', 'UpgMES','ClientSeg=E','Indirect(1/0)','EndOfQtr','ComDelgPriceL4PofL']",False
CHW_IT,CHW_EMEA_ITALY_SegTree_01May17_30Apr18,QuoteID,ComListPrice,ComTMC,ComQuotePrice,ComQuotePricePofL,ComCostPofL,ComRevCat,ComMT,1.04,"['ComMedPofL','ComLogListPrice', 'LogDealSize','ComPctContrib', 'UpgMES','ClientSeg=E','Indirect(1/0)','EndOfQtr','ComDelgPriceL4PofL']",False
CHW_SM,CHW_EMEA_ITALY_SegTree_01May17_30Apr18,QuoteID,ComListPrice,ComTMC,ComQuotePrice,ComQuotePricePofL,ComCostPofL,ComRevCat,ComMT,1.04,"['ComMedPofL','ComLogListPrice', 'LogDealSize','ComPctContrib', 'UpgMES','ClientSeg=E','Indirect(1/0)','EndOfQtr','ComDelgPriceL4PofL']",False
CHW_BeNeLuxFr,CHW_EMEA_BeNeLuxFr_SegTree_01May17_30Apr18,QuoteID,ComListPrice,ComTMC,ComQuotePrice,ComQuotePricePofL,ComCostPofL,ComRevCat,ComMT,1.04,"['ComMedPofL','ComLogListPrice', 'LogDealSize','ComPctContrib', 'UpgMES','ClientSeg=E','Indirect(1/0)','EndOfQtr','ComDelgPriceL4PofL']",False
CHW_AD,CHW_EMEA_BeNeLuxFr_SegTree_01May17_30Apr18,QuoteID,ComListPrice,ComTMC,ComQuotePrice,ComQuotePricePofL,ComCostPofL,ComRevCat,ComMT,1.04,"['ComMedPofL','ComLogListPrice', 'LogDealSize','ComPctContrib', 'UpgMES','ClientSeg=E','Indirect(1/0)','EndOfQtr','ComDelgPriceL4PofL']",False
CHW_KM,CHW_EMEA_BeNeLuxFr_SegTree_01May17_30Apr18,QuoteID,ComListPrice,ComTMC,ComQuotePrice,ComQuotePricePofL,ComCostPofL,ComRevCat,ComMT,1.04,"['ComMedPofL','ComLogListPrice', 'LogDealSize','ComPctContrib', 'UpgMES','ClientSeg=E','Indirect(1/0)','EndOfQtr','ComDelgPriceL4PofL']",False
CHW_GF,CHW_EMEA_BeNeLuxFr_SegTree_01May17_30Apr18,QuoteID,ComListPrice,ComTMC,ComQuotePrice,ComQuotePricePofL,ComCostPofL,ComRevCat,ComMT,1.04,"['ComMedPofL','ComLogListPrice', 'LogDealSize','ComPctContrib', 'UpgMES','ClientSeg=E','Indirect(1/0)','EndOfQtr','ComDelgPriceL4PofL']",False
CHW_PF,CHW_EMEA_BeNeLuxFr_SegTree_01May17_30Apr18,QuoteID,ComListPrice,ComTMC,ComQuotePrice,ComQuotePricePofL,ComCostPofL,ComRevCat,ComMT,1.04,"['ComMedPofL','ComLogListPrice', 'LogDealSize','ComPctContrib', 'UpgMES','ClientSeg=E','Indirect(1/0)','EndOfQtr','ComDelgPriceL4PofL']",False
CHW_GP,CHW_EMEA_BeNeLuxFr_SegTree_01May17_30Apr18,QuoteID,ComListPrice,ComTMC,ComQuotePrice,ComQuotePricePofL,ComCostPofL,ComRevCat,ComMT,1.04,"['ComMedPofL','ComLogListPrice', 'LogDealSize','ComPctContrib', 'UpgMES','ClientSeg=E','Indirect(1/0)','EndOfQtr','ComDelgPriceL4PofL']",False
CHW_MQ,CHW_EMEA_BeNeLuxFr_SegTree_01May17_30Apr18,QuoteID,ComListPrice,ComTMC,ComQuotePrice,ComQuotePricePofL,ComCostPofL,ComRevCat,ComMT,1.04,"['ComMedPofL','ComLogListPrice', 'LogDealSize','ComPctContrib', 'UpgMES','ClientSeg=E','Indirect(1/0)','EndOfQtr','ComDelgPriceL4PofL']",False
CHW_YT,CHW_EMEA_BeNeLuxFr_SegTree_01May17_30Apr18,QuoteID,ComListPrice,ComTMC,ComQuotePrice,ComQuotePricePofL,ComCostPofL,ComRevCat,ComMT,1.04,"['ComMedPofL','ComLogListPrice', 'LogDealSize','ComPctContrib', 'UpgMES','ClientSeg=E','Indirect(1/0)','EndOfQtr','ComDelgPriceL4PofL']",False
CHW_MC,CHW_EMEA_BeNeLuxFr_SegTree_01May17_30Apr18,QuoteID,ComListPrice,ComTMC,ComQuotePrice,ComQuotePricePofL,ComCostPofL,ComRevCat,ComMT,1.04,"['ComMedPofL','ComLogListPrice', 'LogDealSize','ComPctContrib', 'UpgMES','ClientSeg=E','Indirect(1/0)','EndOfQtr','ComDelgPriceL4PofL']",False
CHW_NC,CHW_EMEA_BeNeLuxFr_SegTree_01May17_30Apr18,QuoteID,ComListPrice,ComTMC,ComQuotePrice,ComQuotePricePofL,ComCostPofL,ComRevCat,ComMT,1.04,"['ComMedPofL','ComLogListPrice', 'LogDealSize','ComPctContrib', 'UpgMES','ClientSeg=E','Indirect(1/0)','EndOfQtr','ComDelgPriceL4PofL']",False
CHW_RE,CHW_EMEA_BeNeLuxFr_SegTree_01May17_30Apr18,QuoteID,ComListPrice,ComTMC,ComQuotePrice,ComQuotePricePofL,ComCostPofL,ComRevCat,ComMT,1.04,"['ComMedPofL','ComLogListPrice', 'LogDealSize','ComPctContrib', 'UpgMES','ClientSeg=E','Indirect(1/0)','EndOfQtr','ComDelgPriceL4PofL']",False
CHW_PM,CHW_EMEA_BeNeLuxFr_SegTree_01May17_30Apr18,QuoteID,ComListPrice,ComTMC,ComQuotePrice,ComQuotePricePofL,ComCostPofL,ComRevCat,ComMT,1.04,"['ComMedPofL','ComLogListPrice', 'LogDealSize','ComPctContrib', 'UpgMES','ClientSeg=E','Indirect(1/0)','EndOfQtr','ComDelgPriceL4PofL']",False
CHW_VU,CHW_EMEA_BeNeLuxFr_SegTree_01May17_30Apr18,QuoteID,ComListPrice,ComTMC,ComQuotePrice,ComQuotePricePofL,ComCostPofL,ComRevCat,ComMT,1.04,"['ComMedPofL','ComLogListPrice', 'LogDealSize','ComPctContrib', 'UpgMES','ClientSeg=E','Indirect(1/0)','EndOfQtr','ComDelgPriceL4PofL']",False
CHW_WF,CHW_EMEA_BeNeLuxFr_SegTree_01May17_30Apr18,QuoteID,ComListPrice,ComTMC,ComQuotePrice,ComQuotePricePofL,ComCostPofL,ComRevCat,ComMT,1.04,"['ComMedPofL','ComLogListPrice', 'LogDealSize','ComPctContrib', 'UpgMES','ClientSeg=E','Indirect(1/0)','EndOfQtr','ComDelgPriceL4PofL']",False
CHW_BE,CHW_EMEA_BeNeLuxFr_SegTree_01May17_30Apr18,QuoteID,ComListPrice,ComTMC,ComQuotePrice,ComQuotePricePofL,ComCostPofL,ComRevCat,ComMT,1.04,"['ComMedPofL','ComLogListPrice', 'LogDealSize','ComPctContrib', 'UpgMES','ClientSeg=E','Indirect(1/0)','EndOfQtr','ComDelgPriceL4PofL']",False
CHW_NL,CHW_EMEA_BeNeLuxFr_SegTree_01May17_30Apr18,QuoteID,ComListPrice,ComTMC,ComQuotePrice,ComQuotePricePofL,ComCostPofL,ComRevCat,ComMT,1.04,"['ComMedPofL','ComLogListPrice', 'LogDealSize','ComPctContrib', 'UpgMES','ClientSeg=E','Indirect(1/0)','EndOfQtr','ComDelgPriceL4PofL']",False
CHW_LU,CHW_EMEA_BeNeLuxFr_SegTree_01May17_30Apr18,QuoteID,ComListPrice,ComTMC,ComQuotePrice,ComQuotePricePofL,ComCostPofL,ComRevCat,ComMT,1.04,"['ComMedPofL','ComLogListPrice', 'LogDealSize','ComPctContrib', 'UpgMES','ClientSeg=E','Indirect(1/0)','EndOfQtr','ComDelgPriceL4PofL']",False
CHW_FR,CHW_EMEA_BeNeLuxFr_SegTree_01May17_30Apr18,QuoteID,ComListPrice,ComTMC,ComQuotePrice,ComQuotePricePofL,ComCostPofL,ComRevCat,ComMT,1.04,"['ComMedPofL','ComLogListPrice', 'LogDealSize','ComPctContrib', 'UpgMES','ClientSeg=E','Indirect(1/0)','EndOfQtr','ComDelgPriceL4PofL']",False
CHW_MEA,CHW_EMEA_MEA_SegTree_01May17_30Apr18,QuoteID,ComListPrice,ComTMC,ComQuotePrice,ComQuotePricePofL,ComCostPofL,ComRevCat,ComMT,1.04,"['ComMedPofL','ComLogListPrice', 'LogDealSize','ComPctContrib', 'UpgMES','ClientSeg=E','Indirect(1/0)','EndOfQtr','ComDelgPriceL4PofL']",False
CHW_CG,CHW_EMEA_MEA_SegTree_01May17_30Apr18,QuoteID,ComListPrice,ComTMC,ComQuotePrice,ComQuotePricePofL,ComCostPofL,ComRevCat,ComMT,1.04,"['ComMedPofL','ComLogListPrice', 'LogDealSize','ComPctContrib', 'UpgMES','ClientSeg=E','Indirect(1/0)','EndOfQtr','ComDelgPriceL4PofL']",False
CHW_LS,CHW_EMEA_MEA_SegTree_01May17_30Apr18,QuoteID,ComListPrice,ComTMC,ComQuotePrice,ComQuotePricePofL,ComCostPofL,ComRevCat,ComMT,1.04,"['ComMedPofL','ComLogListPrice', 'LogDealSize','ComPctContrib', 'UpgMES','ClientSeg=E','Indirect(1/0)','EndOfQtr','ComDelgPriceL4PofL']",False
CHW_LY,CHW_EMEA_MEA_SegTree_01May17_30Apr18,QuoteID,ComListPrice,ComTMC,ComQuotePrice,ComQuotePricePofL,ComCostPofL,ComRevCat,ComMT,1.04,"['ComMedPofL','ComLogListPrice', 'LogDealSize','ComPctContrib', 'UpgMES','ClientSeg=E','Indirect(1/0)','EndOfQtr','ComDelgPriceL4PofL']",False
CHW_NA,CHW_EMEA_MEA_SegTree_01May17_30Apr18,QuoteID,ComListPrice,ComTMC,ComQuotePrice,ComQuotePricePofL,ComCostPofL,ComRevCat,ComMT,1.04,"['ComMedPofL','ComLogListPrice', 'LogDealSize','ComPctContrib', 'UpgMES','ClientSeg=E','Indirect(1/0)','EndOfQtr','ComDelgPriceL4PofL']",False
CHW_PS,CHW_EMEA_MEA_SegTree_01May17_30Apr18,QuoteID,ComListPrice,ComTMC,ComQuotePrice,ComQuotePricePofL,ComCostPofL,ComRevCat,ComMT,1.04,"['ComMedPofL','ComLogListPrice', 'LogDealSize','ComPctContrib', 'UpgMES','ClientSeg=E','Indirect(1/0)','EndOfQtr','ComDelgPriceL4PofL']",False
CHW_SZ,CHW_EMEA_MEA_SegTree_01May17_30Apr18,QuoteID,ComListPrice,ComTMC,ComQuotePrice,ComQuotePricePofL,ComCostPofL,ComRevCat,ComMT,1.04,"['ComMedPofL','ComLogListPrice', 'LogDealSize','ComPctContrib', 'UpgMES','ClientSeg=E','Indirect(1/0)','EndOfQtr','ComDelgPriceL4PofL']",False
CHW_SY,CHW_EMEA_MEA_SegTree_01May17_30Apr18,QuoteID,ComListPrice,ComTMC,ComQuotePrice,ComQuotePricePofL,ComCostPofL,ComRevCat,ComMT,1.04,"['ComMedPofL','ComLogListPrice', 'LogDealSize','ComPctContrib', 'UpgMES','ClientSeg=E','Indirect(1/0)','EndOfQtr','ComDelgPriceL4PofL']",False
CHW_AE,CHW_EMEA_MEA_SegTree_01May17_30Apr18,QuoteID,ComListPrice,ComTMC,ComQuotePrice,ComQuotePricePofL,ComCostPofL,ComRevCat,ComMT,1.04,"['ComMedPofL','ComLogListPrice', 'LogDealSize','ComPctContrib', 'UpgMES','ClientSeg=E','Indirect(1/0)','EndOfQtr','ComDelgPriceL4PofL']",False
CHW_AF,CHW_EMEA_MEA_SegTree_01May17_30Apr18,QuoteID,ComListPrice,ComTMC,ComQuotePrice,ComQuotePricePofL,ComCostPofL,ComRevCat,ComMT,1.04,"['ComMedPofL','ComLogListPrice', 'LogDealSize','ComPctContrib', 'UpgMES','ClientSeg=E','Indirect(1/0)','EndOfQtr','ComDelgPriceL4PofL']",False
CHW_AO,CHW_EMEA_MEA_SegTree_01May17_30Apr18,QuoteID,ComListPrice,ComTMC,ComQuotePrice,ComQuotePricePofL,ComCostPofL,ComRevCat,ComMT,1.04,"['ComMedPofL','ComLogListPrice', 'LogDealSize','ComPctContrib', 'UpgMES','ClientSeg=E','Indirect(1/0)','EndOfQtr','ComDelgPriceL4PofL']",False
CHW_BF,CHW_EMEA_MEA_SegTree_01May17_30Apr18,QuoteID,ComListPrice,ComTMC,ComQuotePrice,ComQuotePricePofL,ComCostPofL,ComRevCat,ComMT,1.04,"['ComMedPofL','ComLogListPrice', 'LogDealSize','ComPctContrib', 'UpgMES','ClientSeg=E','Indirect(1/0)','EndOfQtr','ComDelgPriceL4PofL']",False
CHW_BH,CHW_EMEA_MEA_SegTree_01May17_30Apr18,QuoteID,ComListPrice,ComTMC,ComQuotePrice,ComQuotePricePofL,ComCostPofL,ComRevCat,ComMT,1.04,"['ComMedPofL','ComLogListPrice', 'LogDealSize','ComPctContrib', 'UpgMES','ClientSeg=E','Indirect(1/0)','EndOfQtr','ComDelgPriceL4PofL']",False
CHW_BI,CHW_EMEA_MEA_SegTree_01May17_30Apr18,QuoteID,ComListPrice,ComTMC,ComQuotePrice,ComQuotePricePofL,ComCostPofL,ComRevCat,ComMT,1.04,"['ComMedPofL','ComLogListPrice', 'LogDealSize','ComPctContrib', 'UpgMES','ClientSeg=E','Indirect(1/0)','EndOfQtr','ComDelgPriceL4PofL']",False
CHW_BJ,CHW_EMEA_MEA_SegTree_01May17_30Apr18,QuoteID,ComListPrice,ComTMC,ComQuotePrice,ComQuotePricePofL,ComCostPofL,ComRevCat,ComMT,1.04,"['ComMedPofL','ComLogListPrice', 'LogDealSize','ComPctContrib', 'UpgMES','ClientSeg=E','Indirect(1/0)','EndOfQtr','ComDelgPriceL4PofL']",False
CHW_BW,CHW_EMEA_MEA_SegTree_01May17_30Apr18,QuoteID,ComListPrice,ComTMC,ComQuotePrice,ComQuotePricePofL,ComCostPofL,ComRevCat,ComMT,1.04,"['ComMedPofL','ComLogListPrice', 'LogDealSize','ComPctContrib', 'UpgMES','ClientSeg=E','Indirect(1/0)','EndOfQtr','ComDelgPriceL4PofL']",False
CHW_CD,CHW_EMEA_MEA_SegTree_01May17_30Apr18,QuoteID,ComListPrice,ComTMC,ComQuotePrice,ComQuotePricePofL,ComCostPofL,ComRevCat,ComMT,1.04,"['ComMedPofL','ComLogListPrice', 'LogDealSize','ComPctContrib', 'UpgMES','ClientSeg=E','Indirect(1/0)','EndOfQtr','ComDelgPriceL4PofL']",False
CHW_CI,CHW_EMEA_MEA_SegTree_01May17_30Apr18,QuoteID,ComListPrice,ComTMC,ComQuotePrice,ComQuotePricePofL,ComCostPofL,ComRevCat,ComMT,1.04,"['ComMedPofL','ComLogListPrice', 'LogDealSize','ComPctContrib', 'UpgMES','ClientSeg=E','Indirect(1/0)','EndOfQtr','ComDelgPriceL4PofL']",False
CHW_CF,CHW_EMEA_MEA_SegTree_01May17_30Apr18,QuoteID,ComListPrice,ComTMC,ComQuotePrice,ComQuotePricePofL,ComCostPofL,ComRevCat,ComMT,1.04,"['ComMedPofL','ComLogListPrice', 'LogDealSize','ComPctContrib', 'UpgMES','ClientSeg=E','Indirect(1/0)','EndOfQtr','ComDelgPriceL4PofL']",False
CHW_CM,CHW_EMEA_MEA_SegTree_01May17_30Apr18,QuoteID,ComListPrice,ComTMC,ComQuotePrice,ComQuotePricePofL,ComCostPofL,ComRevCat,ComMT,1.04,"['ComMedPofL','ComLogListPrice', 'LogDealSize','ComPctContrib', 'UpgMES','ClientSeg=E','Indirect(1/0)','EndOfQtr','ComDelgPriceL4PofL']",False
CHW_CV,CHW_EMEA_MEA_SegTree_01May17_30Apr18,QuoteID,ComListPrice,ComTMC,ComQuotePrice,ComQuotePricePofL,ComCostPofL,ComRevCat,ComMT,1.04,"['ComMedPofL','ComLogListPrice', 'LogDealSize','ComPctContrib', 'UpgMES','ClientSeg=E','Indirect(1/0)','EndOfQtr','ComDelgPriceL4PofL']",False
CHW_DJ,CHW_EMEA_MEA_SegTree_01May17_30Apr18,QuoteID,ComListPrice,ComTMC,ComQuotePrice,ComQuotePricePofL,ComCostPofL,ComRevCat,ComMT,1.04,"['ComMedPofL','ComLogListPrice', 'LogDealSize','ComPctContrib', 'UpgMES','ClientSeg=E','Indirect(1/0)','EndOfQtr','ComDelgPriceL4PofL']",False
CHW_DZ,CHW_EMEA_MEA_SegTree_01May17_30Apr18,QuoteID,ComListPrice,ComTMC,ComQuotePrice,ComQuotePricePofL,ComCostPofL,ComRevCat,ComMT,1.04,"['ComMedPofL','ComLogListPrice', 'LogDealSize','ComPctContrib', 'UpgMES','ClientSeg=E','Indirect(1/0)','EndOfQtr','ComDelgPriceL4PofL']",False
CHW_EG,CHW_EMEA_MEA_SegTree_01May17_30Apr18,QuoteID,ComListPrice,ComTMC,ComQuotePrice,ComQuotePricePofL,ComCostPofL,ComRevCat,ComMT,1.04,"['ComMedPofL','ComLogListPrice', 'LogDealSize','ComPctContrib', 'UpgMES','ClientSeg=E','Indirect(1/0)','EndOfQtr','ComDelgPriceL4PofL']",False
CHW_EH,CHW_EMEA_MEA_SegTree_01May17_30Apr18,QuoteID,ComListPrice,ComTMC,ComQuotePrice,ComQuotePricePofL,ComCostPofL,ComRevCat,ComMT,1.04,"['ComMedPofL','ComLogListPrice', 'LogDealSize','ComPctContrib', 'UpgMES','ClientSeg=E','Indirect(1/0)','EndOfQtr','ComDelgPriceL4PofL']",False
CHW_ER,CHW_EMEA_MEA_SegTree_01May17_30Apr18,QuoteID,ComListPrice,ComTMC,ComQuotePrice,ComQuotePricePofL,ComCostPofL,ComRevCat,ComMT,1.04,"['ComMedPofL','ComLogListPrice', 'LogDealSize','ComPctContrib', 'UpgMES','ClientSeg=E','Indirect(1/0)','EndOfQtr','ComDelgPriceL4PofL']",False
CHW_ET,CHW_EMEA_MEA_SegTree_01May17_30Apr18,QuoteID,ComListPrice,ComTMC,ComQuotePrice,ComQuotePricePofL,ComCostPofL,ComRevCat,ComMT,1.04,"['ComMedPofL','ComLogListPrice', 'LogDealSize','ComPctContrib', 'UpgMES','ClientSeg=E','Indirect(1/0)','EndOfQtr','ComDelgPriceL4PofL']",False
CHW_GA,CHW_EMEA_MEA_SegTree_01May17_30Apr18,QuoteID,ComListPrice,ComTMC,ComQuotePrice,ComQuotePricePofL,ComCostPofL,ComRevCat,ComMT,1.04,"['ComMedPofL','ComLogListPrice', 'LogDealSize','ComPctContrib', 'UpgMES','ClientSeg=E','Indirect(1/0)','EndOfQtr','ComDelgPriceL4PofL']",False
CHW_GH,CHW_EMEA_MEA_SegTree_01May17_30Apr18,QuoteID,ComListPrice,ComTMC,ComQuotePrice,ComQuotePricePofL,ComCostPofL,ComRevCat,ComMT,1.04,"['ComMedPofL','ComLogListPrice', 'LogDealSize','ComPctContrib', 'UpgMES','ClientSeg=E','Indirect(1/0)','EndOfQtr','ComDelgPriceL4PofL']",False
CHW_GM,CHW_EMEA_MEA_SegTree_01May17_30Apr18,QuoteID,ComListPrice,ComTMC,ComQuotePrice,ComQuotePricePofL,ComCostPofL,ComRevCat,ComMT,1.04,"['ComMedPofL','ComLogListPrice', 'LogDealSize','ComPctContrib', 'UpgMES','ClientSeg=E','Indirect(1/0)','EndOfQtr','ComDelgPriceL4PofL']",False
CHW_GN,CHW_EMEA_MEA_SegTree_01May17_30Apr18,QuoteID,ComListPrice,ComTMC,ComQuotePrice,ComQuotePricePofL,ComCostPofL,ComRevCat,ComMT,1.04,"['ComMedPofL','ComLogListPrice', 'LogDealSize','ComPctContrib', 'UpgMES','ClientSeg=E','Indirect(1/0)','EndOfQtr','ComDelgPriceL4PofL']",False
CHW_GQ,CHW_EMEA_MEA_SegTree_01May17_30Apr18,QuoteID,ComListPrice,ComTMC,ComQuotePrice,ComQuotePricePofL,ComCostPofL,ComRevCat,ComMT,1.04,"['ComMedPofL','ComLogListPrice', 'LogDealSize','ComPctContrib', 'UpgMES','ClientSeg=E','Indirect(1/0)','EndOfQtr','ComDelgPriceL4PofL']",False
CHW_GW,CHW_EMEA_MEA_SegTree_01May17_30Apr18,QuoteID,ComListPrice,ComTMC,ComQuotePrice,ComQuotePricePofL,ComCostPofL,ComRevCat,ComMT,1.04,"['ComMedPofL','ComLogListPrice', 'LogDealSize','ComPctContrib', 'UpgMES','ClientSeg=E','Indirect(1/0)','EndOfQtr','ComDelgPriceL4PofL']",False
CHW_IQ,CHW_EMEA_MEA_SegTree_01May17_30Apr18,QuoteID,ComListPrice,ComTMC,ComQuotePrice,ComQuotePricePofL,ComCostPofL,ComRevCat,ComMT,1.04,"['ComMedPofL','ComLogListPrice', 'LogDealSize','ComPctContrib', 'UpgMES','ClientSeg=E','Indirect(1/0)','EndOfQtr','ComDelgPriceL4PofL']",False
CHW_JO,CHW_EMEA_MEA_SegTree_01May17_30Apr18,QuoteID,ComListPrice,ComTMC,ComQuotePrice,ComQuotePricePofL,ComCostPofL,ComRevCat,ComMT,1.04,"['ComMedPofL','ComLogListPrice', 'LogDealSize','ComPctContrib', 'UpgMES','ClientSeg=E','Indirect(1/0)','EndOfQtr','ComDelgPriceL4PofL']",False
CHW_KE,CHW_EMEA_MEA_SegTree_01May17_30Apr18,QuoteID,ComListPrice,ComTMC,ComQuotePrice,ComQuotePricePofL,ComCostPofL,ComRevCat,ComMT,1.04,"['ComMedPofL','ComLogListPrice', 'LogDealSize','ComPctContrib', 'UpgMES','ClientSeg=E','Indirect(1/0)','EndOfQtr','ComDelgPriceL4PofL']",False
CHW_KW,CHW_EMEA_MEA_SegTree_01May17_30Apr18,QuoteID,ComListPrice,ComTMC,ComQuotePrice,ComQuotePricePofL,ComCostPofL,ComRevCat,ComMT,1.04,"['ComMedPofL','ComLogListPrice', 'LogDealSize','ComPctContrib', 'UpgMES','ClientSeg=E','Indirect(1/0)','EndOfQtr','ComDelgPriceL4PofL']",False
CHW_LB,CHW_EMEA_MEA_SegTree_01May17_30Apr18,QuoteID,ComListPrice,ComTMC,ComQuotePrice,ComQuotePricePofL,ComCostPofL,ComRevCat,ComMT,1.04,"['ComMedPofL','ComLogListPrice', 'LogDealSize','ComPctContrib', 'UpgMES','ClientSeg=E','Indirect(1/0)','EndOfQtr','ComDelgPriceL4PofL']",False
CHW_LR,CHW_EMEA_MEA_SegTree_01May17_30Apr18,QuoteID,ComListPrice,ComTMC,ComQuotePrice,ComQuotePricePofL,ComCostPofL,ComRevCat,ComMT,1.04,"['ComMedPofL','ComLogListPrice', 'LogDealSize','ComPctContrib', 'UpgMES','ClientSeg=E','Indirect(1/0)','EndOfQtr','ComDelgPriceL4PofL']",False
CHW_MA,CHW_EMEA_MEA_SegTree_01May17_30Apr18,QuoteID,ComListPrice,ComTMC,ComQuotePrice,ComQuotePricePofL,ComCostPofL,ComRevCat,ComMT,1.04,"['ComMedPofL','ComLogListPrice', 'LogDealSize','ComPctContrib', 'UpgMES','ClientSeg=E','Indirect(1/0)','EndOfQtr','ComDelgPriceL4PofL']",False
CHW_MG,CHW_EMEA_MEA_SegTree_01May17_30Apr18,QuoteID,ComListPrice,ComTMC,ComQuotePrice,ComQuotePricePofL,ComCostPofL,ComRevCat,ComMT,1.04,"['ComMedPofL','ComLogListPrice', 'LogDealSize','ComPctContrib', 'UpgMES','ClientSeg=E','Indirect(1/0)','EndOfQtr','ComDelgPriceL4PofL']",False
CHW_ML,CHW_EMEA_MEA_SegTree_01May17_30Apr18,QuoteID,ComListPrice,ComTMC,ComQuotePrice,ComQuotePricePofL,ComCostPofL,ComRevCat,ComMT,1.04,"['ComMedPofL','ComLogListPrice', 'LogDealSize','ComPctContrib', 'UpgMES','ClientSeg=E','Indirect(1/0)','EndOfQtr','ComDelgPriceL4PofL']",False
CHW_MR,CHW_EMEA_MEA_SegTree_01May17_30Apr18,QuoteID,ComListPrice,ComTMC,ComQuotePrice,ComQuotePricePofL,ComCostPofL,ComRevCat,ComMT,1.04,"['ComMedPofL','ComLogListPrice', 'LogDealSize','ComPctContrib', 'UpgMES','ClientSeg=E','Indirect(1/0)','EndOfQtr','ComDelgPriceL4PofL']",False
CHW_MU,CHW_EMEA_MEA_SegTree_01May17_30Apr18,QuoteID,ComListPrice,ComTMC,ComQuotePrice,ComQuotePricePofL,ComCostPofL,ComRevCat,ComMT,1.04,"['ComMedPofL','ComLogListPrice', 'LogDealSize','ComPctContrib', 'UpgMES','ClientSeg=E','Indirect(1/0)','EndOfQtr','ComDelgPriceL4PofL']",False
CHW_MW,CHW_EMEA_MEA_SegTree_01May17_30Apr18,QuoteID,ComListPrice,ComTMC,ComQuotePrice,ComQuotePricePofL,ComCostPofL,ComRevCat,ComMT,1.04,"['ComMedPofL','ComLogListPrice', 'LogDealSize','ComPctContrib', 'UpgMES','ClientSeg=E','Indirect(1/0)','EndOfQtr','ComDelgPriceL4PofL']",False
CHW_MZ,CHW_EMEA_MEA_SegTree_01May17_30Apr18,QuoteID,ComListPrice,ComTMC,ComQuotePrice,ComQuotePricePofL,ComCostPofL,ComRevCat,ComMT,1.04,"['ComMedPofL','ComLogListPrice', 'LogDealSize','ComPctContrib', 'UpgMES','ClientSeg=E','Indirect(1/0)','EndOfQtr','ComDelgPriceL4PofL']",False
CHW_NE,CHW_EMEA_MEA_SegTree_01May17_30Apr18,QuoteID,ComListPrice,ComTMC,ComQuotePrice,ComQuotePricePofL,ComCostPofL,ComRevCat,ComMT,1.04,"['ComMedPofL','ComLogListPrice', 'LogDealSize','ComPctContrib', 'UpgMES','ClientSeg=E','Indirect(1/0)','EndOfQtr','ComDelgPriceL4PofL']",False
CHW_NG,CHW_EMEA_MEA_SegTree_01May17_30Apr18,QuoteID,ComListPrice,ComTMC,ComQuotePrice,ComQuotePricePofL,ComCostPofL,ComRevCat,ComMT,1.04,"['ComMedPofL','ComLogListPrice', 'LogDealSize','ComPctContrib', 'UpgMES','ClientSeg=E','Indirect(1/0)','EndOfQtr','ComDelgPriceL4PofL']",False
CHW_OM,CHW_EMEA_MEA_SegTree_01May17_30Apr18,QuoteID,ComListPrice,ComTMC,ComQuotePrice,ComQuotePricePofL,ComCostPofL,ComRevCat,ComMT,1.04,"['ComMedPofL','ComLogListPrice', 'LogDealSize','ComPctContrib', 'UpgMES','ClientSeg=E','Indirect(1/0)','EndOfQtr','ComDelgPriceL4PofL']",False
CHW_PK,CHW_EMEA_MEA_SegTree_01May17_30Apr18,QuoteID,ComListPrice,ComTMC,ComQuotePrice,ComQuotePricePofL,ComCostPofL,ComRevCat,ComMT,1.04,"['ComMedPofL','ComLogListPrice', 'LogDealSize','ComPctContrib', 'UpgMES','ClientSeg=E','Indirect(1/0)','EndOfQtr','ComDelgPriceL4PofL']",False
CHW_QA,CHW_EMEA_MEA_SegTree_01May17_30Apr18,QuoteID,ComListPrice,ComTMC,ComQuotePrice,ComQuotePricePofL,ComCostPofL,ComRevCat,ComMT,1.04,"['ComMedPofL','ComLogListPrice', 'LogDealSize','ComPctContrib', 'UpgMES','ClientSeg=E','Indirect(1/0)','EndOfQtr','ComDelgPriceL4PofL']",False
CHW_RW,CHW_EMEA_MEA_SegTree_01May17_30Apr18,QuoteID,ComListPrice,ComTMC,ComQuotePrice,ComQuotePricePofL,ComCostPofL,ComRevCat,ComMT,1.04,"['ComMedPofL','ComLogListPrice', 'LogDealSize','ComPctContrib', 'UpgMES','ClientSeg=E','Indirect(1/0)','EndOfQtr','ComDelgPriceL4PofL']",False
CHW_SA,CHW_EMEA_MEA_SegTree_01May17_30Apr18,QuoteID,ComListPrice,ComTMC,ComQuotePrice,ComQuotePricePofL,ComCostPofL,ComRevCat,ComMT,1.04,"['ComMedPofL','ComLogListPrice', 'LogDealSize','ComPctContrib', 'UpgMES','ClientSeg=E','Indirect(1/0)','EndOfQtr','ComDelgPriceL4PofL']",False
CHW_SC,CHW_EMEA_MEA_SegTree_01May17_30Apr18,QuoteID,ComListPrice,ComTMC,ComQuotePrice,ComQuotePricePofL,ComCostPofL,ComRevCat,ComMT,1.04,"['ComMedPofL','ComLogListPrice', 'LogDealSize','ComPctContrib', 'UpgMES','ClientSeg=E','Indirect(1/0)','EndOfQtr','ComDelgPriceL4PofL']",False
CHW_SD,CHW_EMEA_MEA_SegTree_01May17_30Apr18,QuoteID,ComListPrice,ComTMC,ComQuotePrice,ComQuotePricePofL,ComCostPofL,ComRevCat,ComMT,1.04,"['ComMedPofL','ComLogListPrice', 'LogDealSize','ComPctContrib', 'UpgMES','ClientSeg=E','Indirect(1/0)','EndOfQtr','ComDelgPriceL4PofL']",False
CHW_SL,CHW_EMEA_MEA_SegTree_01May17_30Apr18,QuoteID,ComListPrice,ComTMC,ComQuotePrice,ComQuotePricePofL,ComCostPofL,ComRevCat,ComMT,1.04,"['ComMedPofL','ComLogListPrice', 'LogDealSize','ComPctContrib', 'UpgMES','ClientSeg=E','Indirect(1/0)','EndOfQtr','ComDelgPriceL4PofL']",False
CHW_SN,CHW_EMEA_MEA_SegTree_01May17_30Apr18,QuoteID,ComListPrice,ComTMC,ComQuotePrice,ComQuotePricePofL,ComCostPofL,ComRevCat,ComMT,1.04,"['ComMedPofL','ComLogListPrice', 'LogDealSize','ComPctContrib', 'UpgMES','ClientSeg=E','Indirect(1/0)','EndOfQtr','ComDelgPriceL4PofL']",False
CHW_SO,CHW_EMEA_MEA_SegTree_01May17_30Apr18,QuoteID,ComListPrice,ComTMC,ComQuotePrice,ComQuotePricePofL,ComCostPofL,ComRevCat,ComMT,1.04,"['ComMedPofL','ComLogListPrice', 'LogDealSize','ComPctContrib', 'UpgMES','ClientSeg=E','Indirect(1/0)','EndOfQtr','ComDelgPriceL4PofL']",False
CHW_ST,CHW_EMEA_MEA_SegTree_01May17_30Apr18,QuoteID,ComListPrice,ComTMC,ComQuotePrice,ComQuotePricePofL,ComCostPofL,ComRevCat,ComMT,1.04,"['ComMedPofL','ComLogListPrice', 'LogDealSize','ComPctContrib', 'UpgMES','ClientSeg=E','Indirect(1/0)','EndOfQtr','ComDelgPriceL4PofL']",False
CHW_TD,CHW_EMEA_MEA_SegTree_01May17_30Apr18,QuoteID,ComListPrice,ComTMC,ComQuotePrice,ComQuotePricePofL,ComCostPofL,ComRevCat,ComMT,1.04,"['ComMedPofL','ComLogListPrice', 'LogDealSize','ComPctContrib', 'UpgMES','ClientSeg=E','Indirect(1/0)','EndOfQtr','ComDelgPriceL4PofL']",False
CHW_TG,CHW_EMEA_MEA_SegTree_01May17_30Apr18,QuoteID,ComListPrice,ComTMC,ComQuotePrice,ComQuotePricePofL,ComCostPofL,ComRevCat,ComMT,1.04,"['ComMedPofL','ComLogListPrice', 'LogDealSize','ComPctContrib', 'UpgMES','ClientSeg=E','Indirect(1/0)','EndOfQtr','ComDelgPriceL4PofL']",False
CHW_TN,CHW_EMEA_MEA_SegTree_01May17_30Apr18,QuoteID,ComListPrice,ComTMC,ComQuotePrice,ComQuotePricePofL,ComCostPofL,ComRevCat,ComMT,1.04,"['ComMedPofL','ComLogListPrice', 'LogDealSize','ComPctContrib', 'UpgMES','ClientSeg=E','Indirect(1/0)','EndOfQtr','ComDelgPriceL4PofL']",False
CHW_TR,CHW_EMEA_MEA_SegTree_01May17_30Apr18,QuoteID,ComListPrice,ComTMC,ComQuotePrice,ComQuotePricePofL,ComCostPofL,ComRevCat,ComMT,1.04,"['ComMedPofL','ComLogListPrice', 'LogDealSize','ComPctContrib', 'UpgMES','ClientSeg=E','Indirect(1/0)','EndOfQtr','ComDelgPriceL4PofL']",False
CHW_TZ,CHW_EMEA_MEA_SegTree_01May17_30Apr18,QuoteID,ComListPrice,ComTMC,ComQuotePrice,ComQuotePricePofL,ComCostPofL,ComRevCat,ComMT,1.04,"['ComMedPofL','ComLogListPrice', 'LogDealSize','ComPctContrib', 'UpgMES','ClientSeg=E','Indirect(1/0)','EndOfQtr','ComDelgPriceL4PofL']",False
CHW_UG,CHW_EMEA_MEA_SegTree_01May17_30Apr18,QuoteID,ComListPrice,ComTMC,ComQuotePrice,ComQuotePricePofL,ComCostPofL,ComRevCat,ComMT,1.04,"['ComMedPofL','ComLogListPrice', 'LogDealSize','ComPctContrib', 'UpgMES','ClientSeg=E','Indirect(1/0)','EndOfQtr','ComDelgPriceL4PofL']",False
CHW_YE,CHW_EMEA_MEA_SegTree_01May17_30Apr18,QuoteID,ComListPrice,ComTMC,ComQuotePrice,ComQuotePricePofL,ComCostPofL,ComRevCat,ComMT,1.04,"['ComMedPofL','ComLogListPrice', 'LogDealSize','ComPctContrib', 'UpgMES','ClientSeg=E','Indirect(1/0)','EndOfQtr','ComDelgPriceL4PofL']",False
CHW_ZA,CHW_EMEA_MEA_SegTree_01May17_30Apr18,QuoteID,ComListPrice,ComTMC,ComQuotePrice,ComQuotePricePofL,ComCostPofL,ComRevCat,ComMT,1.04,"['ComMedPofL','ComLogListPrice', 'LogDealSize','ComPctContrib', 'UpgMES','ClientSeg=E','Indirect(1/0)','EndOfQtr','ComDelgPriceL4PofL']",False
CHW_ZM,CHW_EMEA_MEA_SegTree_01May17_30Apr18,QuoteID,ComListPrice,ComTMC,ComQuotePrice,ComQuotePricePofL,ComCostPofL,ComRevCat,ComMT,1.04,"['ComMedPofL','ComLogListPrice', 'LogDealSize','ComPctContrib', 'UpgMES','ClientSeg=E','Indirect(1/0)','EndOfQtr','ComDelgPriceL4PofL']",False
CHW_ZW,CHW_EMEA_MEA_SegTree_01May17_30Apr18,QuoteID,ComListPrice,ComTMC,ComQuotePrice,ComQuotePricePofL,ComCostPofL,ComRevCat,ComMT,1.04,"['ComMedPofL','ComLogListPrice', 'LogDealSize','ComPctContrib', 'UpgMES','ClientSeg=E','Indirect(1/0)','EndOfQtr','ComDelgPriceL4PofL']",False
CHW_NordicGBIE,CHW_EMEA_NordicGBIE_SegTree_01May17_30Apr18,QuoteID,ComListPrice,ComTMC,ComQuotePrice,ComQuotePricePofL,ComCostPofL,ComRevCat,ComMT,1.04,"['ComMedPofL','ComLogListPrice', 'LogDealSize','ComPctContrib', 'UpgMES','ClientSeg=E','Indirect(1/0)','EndOfQtr','ComDelgPriceL4PofL']",False
CHW_DK,CHW_EMEA_NordicGBIE_SegTree_01May17_30Apr18,QuoteID,ComListPrice,ComTMC,ComQuotePrice,ComQuotePricePofL,ComCostPofL,ComRevCat,ComMT,1.04,"['ComMedPofL','ComLogListPrice', 'LogDealSize','ComPctContrib', 'UpgMES','ClientSeg=E','Indirect(1/0)','EndOfQtr','ComDelgPriceL4PofL']",False
CHW_FI,CHW_EMEA_NordicGBIE_SegTree_01May17_30Apr18,QuoteID,ComListPrice,ComTMC,ComQuotePrice,ComQuotePricePofL,ComCostPofL,ComRevCat,ComMT,1.04,"['ComMedPofL','ComLogListPrice', 'LogDealSize','ComPctContrib', 'UpgMES','ClientSeg=E','Indirect(1/0)','EndOfQtr','ComDelgPriceL4PofL']",False
CHW_GB,CHW_EMEA_NordicGBIE_SegTree_01May17_30Apr18,QuoteID,ComListPrice,ComTMC,ComQuotePrice,ComQuotePricePofL,ComCostPofL,ComRevCat,ComMT,1.04,"['ComMedPofL','ComLogListPrice', 'LogDealSize','ComPctContrib', 'UpgMES','ClientSeg=E','Indirect(1/0)','EndOfQtr','ComDelgPriceL4PofL']",False
CHW_IE,CHW_EMEA_NordicGBIE_SegTree_01May17_30Apr18,QuoteID,ComListPrice,ComTMC,ComQuotePrice,ComQuotePricePofL,ComCostPofL,ComRevCat,ComMT,1.04,"['ComMedPofL','ComLogListPrice', 'LogDealSize','ComPctContrib', 'UpgMES','ClientSeg=E','Indirect(1/0)','EndOfQtr','ComDelgPriceL4PofL']",False
CHW_IS,CHW_EMEA_NordicGBIE_SegTree_01May17_30Apr18,QuoteID,ComListPrice,ComTMC,ComQuotePrice,ComQuotePricePofL,ComCostPofL,ComRevCat,ComMT,1.04,"['ComMedPofL','ComLogListPrice', 'LogDealSize','ComPctContrib', 'UpgMES','ClientSeg=E','Indirect(1/0)','EndOfQtr','ComDelgPriceL4PofL']",False
CHW_NO,CHW_EMEA_NordicGBIE_SegTree_01May17_30Apr18,QuoteID,ComListPrice,ComTMC,ComQuotePrice,ComQuotePricePofL,ComCostPofL,ComRevCat,ComMT,1.04,"['ComMedPofL','ComLogListPrice', 'LogDealSize','ComPctContrib', 'UpgMES','ClientSeg=E','Indirect(1/0)','EndOfQtr','ComDelgPriceL4PofL']",False
CHW_SE,CHW_EMEA_NordicGBIE_SegTree_01May17_30Apr18,QuoteID,ComListPrice,ComTMC,ComQuotePrice,ComQuotePricePofL,ComCostPofL,ComRevCat,ComMT,1.04,"['ComMedPofL','ComLogListPrice', 'LogDealSize','ComPctContrib', 'UpgMES','ClientSeg=E','Indirect(1/0)','EndOfQtr','ComDelgPriceL4PofL']",False
CHW_FK,CHW_EMEA_NordicGBIE_SegTree_01May17_30Apr18,QuoteID,ComListPrice,ComTMC,ComQuotePrice,ComQuotePricePofL,ComCostPofL,ComRevCat,ComMT,1.04,"['ComMedPofL','ComLogListPrice', 'LogDealSize','ComPctContrib', 'UpgMES','ClientSeg=E','Indirect(1/0)','EndOfQtr','ComDelgPriceL4PofL']",False
CHW_GI,CHW_EMEA_NordicGBIE_SegTree_01May17_30Apr18,QuoteID,ComListPrice,ComTMC,ComQuotePrice,ComQuotePricePofL,ComCostPofL,ComRevCat,ComMT,1.04,"['ComMedPofL','ComLogListPrice', 'LogDealSize','ComPctContrib', 'UpgMES','ClientSeg=E','Indirect(1/0)','EndOfQtr','ComDelgPriceL4PofL']",False
CHW_SH,CHW_EMEA_NordicGBIE_SegTree_01May17_30Apr18,QuoteID,ComListPrice,ComTMC,ComQuotePrice,ComQuotePricePofL,ComCostPofL,ComRevCat,ComMT,1.04,"['ComMedPofL','ComLogListPrice', 'LogDealSize','ComPctContrib', 'UpgMES','ClientSeg=E','Indirect(1/0)','EndOfQtr','ComDelgPriceL4PofL']",False
CHW_FO,CHW_EMEA_NordicGBIE_SegTree_01May17_30Apr18,QuoteID,ComListPrice,ComTMC,ComQuotePrice,ComQuotePricePofL,ComCostPofL,ComRevCat,ComMT,1.04,"['ComMedPofL','ComLogListPrice', 'LogDealSize','ComPctContrib', 'UpgMES','ClientSeg=E','Indirect(1/0)','EndOfQtr','ComDelgPriceL4PofL']",False
CHW_GL,CHW_EMEA_NordicGBIE_SegTree_01May17_30Apr18,QuoteID,ComListPrice,ComTMC,ComQuotePrice,ComQuotePricePofL,ComCostPofL,ComRevCat,ComMT,1.04,"['ComMedPofL','ComLogListPrice', 'LogDealSize','ComPctContrib', 'UpgMES','ClientSeg=E','Indirect(1/0)','EndOfQtr','ComDelgPriceL4PofL']",False
CHW_Z2,CHW_EMEA_NordicGBIE_SegTree_01May17_30Apr18,QuoteID,ComListPrice,ComTMC,ComQuotePrice,ComQuotePricePofL,ComCostPofL,ComRevCat,ComMT,1.04,"['ComMedPofL','ComLogListPrice', 'LogDealSize','ComPctContrib', 'UpgMES','ClientSeg=E','Indirect(1/0)','EndOfQtr','ComDelgPriceL4PofL']",False
